{
  "General": {
    "ui_edit_hotkey_is_alt_and_this_letter": "j"
  },
  "OverlayInputs": {
    "background_col": [
      0,
      0,
      0,
      0.59999999999999998
    ],
    "brake_col": [
      0.93000000000000005,
      0.029999999999999999,
      0.13,
      0.80000000000000004
    ],
    "brake_fill_col": [
      0.46000000000000002,
      0.01,
      0.059999999999999998,
      0.59999999999999998
    ],
    "enabled": true,
    "height": 106,
    "steering_col": [
      1,
      1,
      1,
      0.29999999999999999
    ],
    "throttle_col": [
      0.38,
      0.91000000000000003,
      0.31,
      0.80000000000000004
    ],
    "throttle_fill_col": [
      0.20000000000000001,
      0.45000000000000001,
      0.14999999999999999,
      0.59999999999999998
    ],
    "width": 705,
    "x_pos": 3592,
    "y_pos": 1188
  },
  "OverlayRelative": {
    "background_col": [
      0.20000000000000001,
      0,
      0,
      0.10000000000000001
    ],
    "enabled": true,
    "height": 264,
    "width": 429,
    "x_pos": 4560,
    "y_pos": 1036
  }
}
